{
    "loss": 17.35501480102539,
    "accuracy": 0.4736631512641907
}